<response><row><row _id="row-r59v~z8nw~paph" _uuid="00000000-0000-0000-83D1-796991C3E6E9" _position="0" _address="https://data.baltimorecity.gov/resource/bse9-tznm/row-r59v~z8nw~paph"><csa2010>Allendale/Irvington/S. Hilton</csa2010><teenbir10>55.0</teenbir10><teenbir11>58.1</teenbir11><teenbir12>45.9</teenbir12><termbir10>85.3</termbir10><termbir11>86.0</termbir11><termbir12>84.3</termbir12><birthwt10>87.4</birthwt10><birthwt11>83.8</birthwt11><birthwt12>83.8</birthwt12><prenatal10>51.9</prenatal10><prenatal11>55.3</prenatal11><prenatal12>57.0</prenatal12><leadtest10>386.0</leadtest10><leadtest11>166.0</leadtest11><leadtest12>187.0</leadtest12><ebl10>0.0</ebl10><ebl11>0.0</ebl11><ebl12>0.0</ebl12><tanf11>10.2</tanf11><tanf12>12.5</tanf12><liquor11>0.7</liquor11><liquor12>0.9</liquor12><fastfd11>0.6</fastfd11><hfai12>7.8</hfai12><lifeexp11>70.0</lifeexp11><lifeexp12>70.4</lifeexp12><mort1_11>14.8</mort1_11><mort1_12>16.9</mort1_12><mort14_11>3.2</mort14_11><mort_14_12>1.9</mort_14_12><mort24_11>18.2</mort24_11><mort24_12>19.0</mort24_12><mort44_11>41.9</mort44_11><mort44_12>39.8</mort44_12><mort64_11>134.3</mort64_11><mort64_12>129.4</mort64_12><mort84_11>453.8</mort84_11><mort84_12>430.3</mort84_12><mort85_11>1326.5</mort85_11><mort85_12>1381.4</mort85_12></row><row _id="row-zcd7~vax5.u4pd" _uuid="00000000-0000-0000-909C-B333BE588286" _position="0" _address="https://data.baltimorecity.gov/resource/bse9-tznm/row-zcd7~vax5.u4pd"><csa2010>Beechfield/Ten Hills/West Hills</csa2010><teenbir10>42.8</teenbir10><teenbir11>21.4</teenbir11><teenbir12>42.8</teenbir12><termbir10>87.5</termbir10><termbir11>90.6</termbir11><termbir12>89.5</termbir12><birthwt10>91.7</birthwt10><birthwt11>90.6</birthwt11><birthwt12>90.1</birthwt12><prenatal10>64.3</prenatal10><prenatal11>67.1</prenatal11><prenatal12>63.0</prenatal12><leadtest10>0.0</leadtest10><leadtest11>199.0</leadtest11><leadtest12>0.0</leadtest12><ebl10>0.0</ebl10><ebl11>0.0</ebl11><ebl12>0.0</ebl12><tanf11>4.5</tanf11><tanf12>5.8</tanf12><liquor11>0.2</liquor11><liquor12>0.1</liquor12><fastfd11>0.7</fastfd11><hfai12>15.6</hfai12><lifeexp11>74.1</lifeexp11><lifeexp12>74.7</lifeexp12><mort1_11>12.8</mort1_11><mort1_12>11.8</mort1_12><mort14_11>1.8</mort14_11><mort_14_12>1.8</mort_14_12><mort24_11>18.7</mort24_11><mort24_12>15.2</mort24_12><mort44_11>24.0</mort44_11><mort44_12>19.8</mort44_12><mort64_11>89.2</mort64_11><mort64_12>96.1</mort64_12><mort84_11>339.4</mort84_11><mort84_12>329.0</mort84_12><mort85_11>1539.7</mort85_11><mort85_12>1349.2</mort85_12></row><row _id="row-3q2c_yb2h~udnn" _uuid="00000000-0000-0000-37EB-2E10DC687B91" _position="0" _address="https://data.baltimorecity.gov/resource/bse9-tznm/row-3q2c_yb2h~udnn"><csa2010>Belair-Edison</csa2010><teenbir10>67.6</teenbir10><teenbir11>56.8</teenbir11><teenbir12>58.1</teenbir12><termbir10>84.0</termbir10><termbir11>82.5</termbir11><termbir12>82.0</termbir12><birthwt10>87.7</birthwt10><birthwt11>84.5</birthwt11><birthwt12>83.8</birthwt12><prenatal10>63.9</prenatal10><prenatal11>63.3</prenatal11><prenatal12>63.2</prenatal12><leadtest10>200.0</leadtest10><leadtest11>256.0</leadtest11><leadtest12>356.0</leadtest12><ebl10>7.5</ebl10><ebl11>2.0</ebl11><ebl12>1.4</ebl12><tanf11>10.1</tanf11><tanf12>11.1</tanf12><liquor11>0.8</liquor11><liquor12>0.7</liquor12><fastfd11>1.0</fastfd11><hfai12>10.3</hfai12><lifeexp11>71.5</lifeexp11><lifeexp12>72.5</lifeexp12><mort1_11>21.3</mort1_11><mort1_12>15.0</mort1_12><mort14_11>2.2</mort14_11><mort_14_12>2.2</mort_14_12><mort24_11>26.4</mort24_11><mort24_12>23.6</mort24_12><mort44_11>30.1</mort44_11><mort44_12>26.2</mort44_12><mort64_11>100.6</mort64_11><mort64_12>105.6</mort64_12><mort84_11>345.3</mort84_11><mort84_12>335.7</mort84_12><mort85_11>1984.3</mort85_11><mort85_12>1842.5</mort85_12></row><row _id="row-5jph.vmg4-nypp" _uuid="00000000-0000-0000-9FE0-8C08DA9735D5" _position="0" _address="https://data.baltimorecity.gov/resource/bse9-tznm/row-5jph.vmg4-nypp"><csa2010>Brooklyn/Curtis Bay/Hawkins Point</csa2010><teenbir10>111.1</teenbir10><teenbir11>94.6</teenbir11><teenbir12>63.8</teenbir12><termbir10>83.1</termbir10><termbir11>82.3</termbir11><termbir12>85.0</termbir12><birthwt10>89.9</birthwt10><birthwt11>86.7</birthwt11><birthwt12>91.4</birthwt12><prenatal10>50.9</prenatal10><prenatal11>47.2</prenatal11><prenatal12>49.6</prenatal12><leadtest10>0.0</leadtest10><leadtest11>360.0</leadtest11><leadtest12>374.0</leadtest12><ebl10>0.0</ebl10><ebl11>0.0</ebl11><ebl12>0.0</ebl12><tanf11>13.8</tanf11><tanf12>14.8</tanf12><liquor11>1.5</liquor11><liquor12>1.4</liquor12><fastfd11>0.8</fastfd11><hfai12>8.6</hfai12><lifeexp11>69.7</lifeexp11><lifeexp12>69.5</lifeexp12><mort1_11>7.7</mort1_11><mort1_12>7.9</mort1_12><mort14_11>3.1</mort14_11><mort_14_12>4.4</mort_14_12><mort24_11>17.2</mort24_11><mort24_12>13.4</mort24_12><mort44_11>36.5</mort44_11><mort44_12>34.7</mort44_12><mort64_11>145.8</mort64_11><mort64_12>155.4</mort64_12><mort84_11>466.6</mort84_11><mort84_12>468.9</mort84_12><mort85_11>1776.0</mort85_11><mort85_12>1568.0</mort85_12></row><row _id="row-7ka4~h86s_yphz" _uuid="00000000-0000-0000-D938-137866AF46E8" _position="0" _address="https://data.baltimorecity.gov/resource/bse9-tznm/row-7ka4~h86s_yphz"><csa2010>Canton</csa2010><teenbir10>46.5</teenbir10><teenbir11>23.3</teenbir11><teenbir12>0.0</teenbir12><termbir10>94.6</termbir10><termbir11>93.7</termbir11><termbir12>90.6</termbir12><birthwt10>94.6</birthwt10><birthwt11>97.6</birthwt11><birthwt12>92.9</birthwt12><prenatal10>73.9</prenatal10><prenatal11>79.4</prenatal11><prenatal12>79.5</prenatal12><leadtest10>96.0</leadtest10><leadtest11>124.0</leadtest11><leadtest12>130.0</leadtest12><ebl10>0.0</ebl10><ebl11>0.0</ebl11><ebl12>0.0</ebl12><tanf11>1.4</tanf11><tanf12>0.9</tanf12><liquor11>4.6</liquor11><liquor12>4.9</liquor12><fastfd11>1.1</fastfd11><hfai12>16.9</hfai12><lifeexp11>77.0</lifeexp11><lifeexp12>77.4</lifeexp12><mort1_11>5.7</mort1_11><mort1_12>1.8</mort1_12><mort14_11>0.0</mort14_11><mort_14_12>0.0</mort_14_12><mort24_11>6.6</mort24_11><mort24_12>8.8</mort24_12><mort44_11>2.8</mort44_11><mort44_12>3.3</mort44_12><mort64_11>78.8</mort64_11><mort64_12>74.8</mort64_12><mort84_11>373.3</mort84_11><mort84_12>384.2</mort84_12><mort85_11>1539.5</mort85_11><mort85_12>1407.9</mort85_12></row><row _id="row-budz-q5eu-5m4h" _uuid="00000000-0000-0000-5D9E-B4A017704868" _position="0" _address="https://data.baltimorecity.gov/resource/bse9-tznm/row-budz-q5eu-5m4h"><csa2010>Cedonia/Frankford</csa2010><teenbir10>48.9</teenbir10><teenbir11>42.1</teenbir11><teenbir12>38.7</teenbir12><termbir10>83.8</termbir10><termbir11>86.3</termbir11><termbir12>84.8</termbir12><birthwt10>84.4</birthwt10><birthwt11>85.7</birthwt11><birthwt12>86.5</birthwt12><prenatal10>56.6</prenatal10><prenatal11>61.6</prenatal11><prenatal12>63.8</prenatal12><leadtest10>240.0</leadtest10><leadtest11>199.0</leadtest11><leadtest12>320.0</leadtest12><ebl10>0.0</ebl10><ebl11>0.0</ebl11><ebl12>0.0</ebl12><tanf11>8.5</tanf11><tanf12>10.5</tanf12><liquor11>0.6</liquor11><liquor12>0.8</liquor12><fastfd11>0.8</fastfd11><hfai12>12.3</hfai12><lifeexp11>72.8</lifeexp11><lifeexp12>72.8</lifeexp12><mort1_11>13.7</mort1_11><mort1_12>15.2</mort1_12><mort14_11>2.3</mort14_11><mort_14_12>2.3</mort_14_12><mort24_11>12.3</mort24_11><mort24_12>12.8</mort24_12><mort44_11>27.8</mort44_11><mort44_12>28.7</mort44_12><mort64_11>95.7</mort64_11><mort64_12>95.4</mort64_12><mort84_11>434.6</mort84_11><mort84_12>434.6</mort84_12><mort85_11>1560.0</mort85_11><mort85_12>1480.0</mort85_12></row><row _id="row-pzui-dcv3_c5c3" _uuid="00000000-0000-0000-6ADE-1B01A5581F6C" _position="0" _address="https://data.baltimorecity.gov/resource/bse9-tznm/row-pzui-dcv3_c5c3"><csa2010>Cherry Hill</csa2010><teenbir10>57.6</teenbir10><teenbir11>60.5</teenbir11><teenbir12>63.4</teenbir12><termbir10>80.9</termbir10><termbir11>79.6</termbir11><termbir12>83.1</termbir12><birthwt10>88.8</birthwt10><birthwt11>79.0</birthwt11><birthwt12>89.8</birthwt12><prenatal10>57.2</prenatal10><prenatal11>52.5</prenatal11><prenatal12>57.2</prenatal12><leadtest10>198.0</leadtest10><leadtest11>322.0</leadtest11><leadtest12>382.0</leadtest12><ebl10>0.0</ebl10><ebl11>0.0</ebl11><ebl12>0.0</ebl12><tanf11>21.9</tanf11><tanf12>23.5</tanf12><liquor11>0.1</liquor11><liquor12>0.1</liquor12><fastfd11>0.7</fastfd11><hfai12>8.8</hfai12><lifeexp11>68.7</lifeexp11><lifeexp12>68.8</lifeexp12><mort1_11>15.2</mort1_11><mort1_12>14.8</mort1_12><mort14_11>3.4</mort14_11><mort_14_12>3.4</mort_14_12><mort24_11>21.9</mort24_11><mort24_12>21.9</mort24_12><mort44_11>47.2</mort44_11><mort44_12>47.2</mort44_12><mort64_11>140.2</mort64_11><mort64_12>142.7</mort64_12><mort84_11>473.4</mort84_11><mort84_12>442.5</mort84_12><mort85_11>1423.1</mort85_11><mort85_12>1461.5</mort85_12></row><row _id="row-xfe2_h96e~fagj" _uuid="00000000-0000-0000-F5E0-B6890BEAE234" _position="0" _address="https://data.baltimorecity.gov/resource/bse9-tznm/row-xfe2_h96e~fagj"><csa2010>Chinquapin Park/Belvedere</csa2010><teenbir10>50.6</teenbir10><teenbir11>84.4</teenbir11><teenbir12>63.3</teenbir12><termbir10>87.0</termbir10><termbir11>89.3</termbir11><termbir12>89.4</termbir12><birthwt10>92.6</birthwt10><birthwt11>87.7</birthwt11><birthwt12>90.2</birthwt12><prenatal10>63.9</prenatal10><prenatal11>58.2</prenatal11><prenatal12>49.2</prenatal12><leadtest10>146.0</leadtest10><leadtest11>233.0</leadtest11><leadtest12>138.0</leadtest12><ebl10>0.0</ebl10><ebl11>0.0</ebl11><ebl12>0.0</ebl12><tanf11>5.6</tanf11><tanf12>7.3</tanf12><liquor11>1.3</liquor11><liquor12>0.8</liquor12><fastfd11>0.4</fastfd11><hfai12>15.3</hfai12><lifeexp11>75.4</lifeexp11><lifeexp12>74.9</lifeexp12><mort1_11>11.1</mort1_11><mort1_12>11.3</mort1_12><mort14_11>1.6</mort14_11><mort_14_12>1.6</mort_14_12><mort24_11>9.0</mort24_11><mort24_12>12.5</mort24_12><mort44_11>18.3</mort44_11><mort44_12>18.3</mort44_12><mort64_11>97.9</mort64_11><mort64_12>107.1</mort64_12><mort84_11>316.3</mort84_11><mort84_12>311.3</mort84_12><mort85_11>1576.5</mort85_11><mort85_12>1694.1</mort85_12></row><row _id="row-t77u_25v2.ihdj" _uuid="00000000-0000-0000-2B26-2A5B9D646965" _position="0" _address="https://data.baltimorecity.gov/resource/bse9-tznm/row-t77u_25v2.ihdj"><csa2010>Claremont/Armistead</csa2010><teenbir10>48.9</teenbir10><teenbir11>48.9</teenbir11><teenbir12>45.1</teenbir12><termbir10>83.0</termbir10><termbir11>89.2</termbir11><termbir12>89.5</termbir12><birthwt10>83.0</birthwt10><birthwt11>90.0</birthwt11><birthwt12>91.1</birthwt12><prenatal10>47.2</prenatal10><prenatal11>50.8</prenatal11><prenatal12>63.7</prenatal12><leadtest10>240.0</leadtest10><leadtest11>222.0</leadtest11><leadtest12>244.0</leadtest12><ebl10>0.0</ebl10><ebl11>0.0</ebl11><ebl12>0.0</ebl12><tanf11>7.9</tanf11><tanf12>7.7</tanf12><liquor11>1.1</liquor11><liquor12>0.9</liquor12><fastfd11>0.9</fastfd11><hfai12>7.4</hfai12><lifeexp11>73.1</lifeexp11><lifeexp12>72.7</lifeexp12><mort1_11>0.0</mort1_11><mort1_12>3.1</mort1_12><mort14_11>1.1</mort14_11><mort_14_12>0.0</mort_14_12><mort24_11>11.7</mort24_11><mort24_12>10.1</mort24_12><mort44_11>19.4</mort44_11><mort44_12>19.4</mort44_12><mort64_11>127.1</mort64_11><mort64_12>132.1</mort64_12><mort84_11>500.0</mort84_11><mort84_12>522.9</mort84_12><mort85_11>1195.1</mort85_11><mort85_12>1268.3</mort85_12></row><row _id="row-arqs_kvxp~bnvx" _uuid="00000000-0000-0000-E695-10013C035C20" _position="0" _address="https://data.baltimorecity.gov/resource/bse9-tznm/row-arqs_kvxp~bnvx"><csa2010>Clifton-Berea</csa2010><teenbir10>72.0</teenbir10><teenbir11>61.7</teenbir11><teenbir12>77.1</teenbir12><termbir10>82.8</termbir10><termbir11>85.6</termbir11><termbir12>85.7</termbir12><birthwt10>83.6</birthwt10><birthwt11>88.1</birthwt11><birthwt12>90.3</birthwt12><prenatal10>52.2</prenatal10><prenatal11>56.9</prenatal11><prenatal12>64.0</prenatal12><leadtest10>0.0</leadtest10><leadtest11>0.0</leadtest11><leadtest12>0.0</leadtest12><ebl10>0.0</ebl10><ebl11>0.0</ebl11><ebl12>0.0</ebl12><tanf11>21.0</tanf11><tanf12>25.3</tanf12><liquor11>1.9</liquor11><liquor12>1.7</liquor12><fastfd11>0.9</fastfd11><hfai12>8.8</hfai12><lifeexp11>65.1</lifeexp11><lifeexp12>66.4</lifeexp12><mort1_11>21.5</mort1_11><mort1_12>17.6</mort1_12><mort14_11>3.1</mort14_11><mort_14_12>3.1</mort_14_12><mort24_11>41.3</mort24_11><mort24_12>31.9</mort24_12><mort44_11>66.8</mort44_11><mort44_12>59.5</mort44_12><mort64_11>195.0</mort64_11><mort64_12>185.6</mort64_12><mort84_11>415.4</mort84_11><mort84_12>416.9</mort84_12><mort85_11>1449.3</mort85_11><mort85_12>1468.6</mort85_12></row><row _id="row-8hap-tte7-32kp" _uuid="00000000-0000-0000-0357-D6CD06429446" _position="0" _address="https://data.baltimorecity.gov/resource/bse9-tznm/row-8hap-tte7-32kp"><csa2010>Cross-Country/Cheswolde</csa2010><teenbir10>0.0</teenbir10><teenbir11>15.5</teenbir11><teenbir12>6.7</teenbir12><termbir10>93.2</termbir10><termbir11>95.9</termbir11><termbir12>92.5</termbir12><birthwt10>95.1</birthwt10><birthwt11>96.8</birthwt11><birthwt12>93.8</birthwt12><prenatal10>60.2</prenatal10><prenatal11>68.3</prenatal11><prenatal12>62.5</prenatal12><leadtest10>408.0</leadtest10><leadtest11>351.0</leadtest11><leadtest12>391.0</leadtest12><ebl10>0.0</ebl10><ebl11>0.0</ebl11><ebl12>0.0</ebl12><tanf11>0.8</tanf11><tanf12>1.7</tanf12><liquor11>0.0</liquor11><liquor12>0.0</liquor12><fastfd11>0.0</fastfd11><hfai12>0.0</hfai12><lifeexp11>88.0</lifeexp11><lifeexp12>84.2</lifeexp12><mort1_11>9.2</mort1_11><mort1_12>2.1</mort1_12><mort14_11>0.7</mort14_11><mort_14_12>2.2</mort_14_12><mort24_11>2.2</mort24_11><mort24_12>5.5</mort24_12><mort44_11>2.6</mort44_11><mort44_12>5.8</mort44_12><mort64_11>31.8</mort64_11><mort64_12>58.3</mort64_12><mort84_11>78.3</mort84_11><mort84_12>214.4</mort84_12><mort85_11>292.2</mort85_11><mort85_12>918.7</mort85_12></row><row _id="row-i9ju.fnyi~n4gd" _uuid="00000000-0000-0000-F698-BC114D032565" _position="0" _address="https://data.baltimorecity.gov/resource/bse9-tznm/row-i9ju.fnyi~n4gd"><csa2010>Dickeyville/Franklintown</csa2010><teenbir10>21.1</teenbir10><teenbir11>28.2</teenbir11><teenbir12>35.2</teenbir12><termbir10>85.5</termbir10><termbir11>94.2</termbir11><termbir12>92.3</termbir12><birthwt10>85.5</birthwt10><birthwt11>94.2</birthwt11><birthwt12>88.5</birthwt12><prenatal10>63.6</prenatal10><prenatal11>57.7</prenatal11><prenatal12>55.8</prenatal12><leadtest10>110.0</leadtest10><leadtest11>0.0</leadtest11><leadtest12>0.0</leadtest12><ebl10>0.0</ebl10><ebl11>0.0</ebl11><ebl12>0.0</ebl12><tanf11>7.9</tanf11><tanf12>7.7</tanf12><liquor11>0.2</liquor11><liquor12>0.2</liquor12><fastfd11>0.2</fastfd11><hfai12>0.0</hfai12><lifeexp11>72.2</lifeexp11><lifeexp12>73.4</lifeexp12><mort1_11>25.0</mort1_11><mort1_12>18.6</mort1_12><mort14_11>2.4</mort14_11><mort_14_12>2.4</mort_14_12><mort24_11>24.8</mort24_11><mort24_12>12.4</mort24_12><mort44_11>19.9</mort44_11><mort44_12>19.9</mort44_12><mort64_11>106.9</mort64_11><mort64_12>108.9</mort64_12><mort84_11>403.8</mort84_11><mort84_12>410.3</mort84_12><mort85_11>1488.4</mort85_11><mort85_12>1348.8</mort85_12></row><row _id="row-xnyr.wtwg_e2sh" _uuid="00000000-0000-0000-CC1B-7F6761D1B0CB" _position="0" _address="https://data.baltimorecity.gov/resource/bse9-tznm/row-xnyr.wtwg_e2sh"><csa2010>Dorchester/Ashburton</csa2010><teenbir10>49.3</teenbir10><teenbir11>49.3</teenbir11><teenbir12>35.2</teenbir12><termbir10>87.2</termbir10><termbir11>85.3</termbir11><termbir12>83.7</termbir12><birthwt10>85.7</birthwt10><birthwt11>84.5</birthwt11><birthwt12>87.0</birthwt12><prenatal10>56.4</prenatal10><prenatal11>58.9</prenatal11><prenatal12>61.0</prenatal12><leadtest10>0.0</leadtest10><leadtest11>0.0</leadtest11><leadtest12>0.0</leadtest12><ebl10>0.0</ebl10><ebl11>0.0</ebl11><ebl12>0.0</ebl12><tanf11>6.3</tanf11><tanf12>8.3</tanf12><liquor11>0.3</liquor11><liquor12>0.3</liquor12><fastfd11>0.8</fastfd11><hfai12>10.0</hfai12><lifeexp11>73.4</lifeexp11><lifeexp12>74.0</lifeexp12><mort1_11>8.5</mort1_11><mort1_12>10.3</mort1_12><mort14_11>2.1</mort14_11><mort_14_12>3.2</mort_14_12><mort24_11>13.5</mort24_11><mort24_12>17.2</mort24_12><mort44_11>33.3</mort44_11><mort44_12>28.9</mort44_12><mort64_11>113.2</mort64_11><mort64_12>112.6</mort64_12><mort84_11>393.7</mort84_11><mort84_12>359.7</mort84_12><mort85_11>1294.1</mort85_11><mort85_12>1245.7</mort85_12></row><row _id="row-cap3.mqzj~svm6" _uuid="00000000-0000-0000-7DFC-79BB1C48582E" _position="0" _address="https://data.baltimorecity.gov/resource/bse9-tznm/row-cap3.mqzj~svm6"><csa2010>Downtown/Seton Hill</csa2010><teenbir10>65.2</teenbir10><teenbir11>43.5</teenbir11><teenbir12>21.7</teenbir12><termbir10>87.5</termbir10><termbir11>80.7</termbir11><termbir12>80.0</termbir12><birthwt10>80.4</birthwt10><birthwt11>82.5</birthwt11><birthwt12>80.0</birthwt12><prenatal10>69.6</prenatal10><prenatal11>70.2</prenatal11><prenatal12>64.0</prenatal12><leadtest10>49.0</leadtest10><leadtest11>47.0</leadtest11><leadtest12>76.0</leadtest12><ebl10>0.0</ebl10><ebl11>0.0</ebl11><ebl12>0.0</ebl12><tanf11>6.7</tanf11><tanf12>6.9</tanf12><liquor11>8.5</liquor11><liquor12>8.5</liquor12><fastfd11>22.3</fastfd11><hfai12>6.7</hfai12><lifeexp11>64.0</lifeexp11><lifeexp12>65.0</lifeexp12><mort1_11>12.9</mort1_11><mort1_12>9.0</mort1_12><mort14_11>15.5</mort14_11><mort_14_12>20.7</mort_14_12><mort24_11>2.9</mort24_11><mort24_12>7.1</mort24_12><mort44_11>22.0</mort44_11><mort44_12>15.3</mort44_12><mort64_11>214.5</mort64_11><mort64_12>203.5</mort64_12><mort84_11>831.1</mort84_11><mort84_12>785.4</mort84_12><mort85_11>2384.6</mort85_11><mort85_12>2000.0</mort85_12></row><row _id="row-jhze~9f6w_v79v" _uuid="00000000-0000-0000-8354-128E26F1AA04" _position="0" _address="https://data.baltimorecity.gov/resource/bse9-tznm/row-jhze~9f6w_v79v"><csa2010>Edmondson Village</csa2010><teenbir10>89.5</teenbir10><teenbir11>64.8</teenbir11><teenbir12>49.4</teenbir12><termbir10>85.0</termbir10><termbir11>88.8</termbir11><termbir12>88.3</termbir12><birthwt10>85.0</birthwt10><birthwt11>86.9</birthwt11><birthwt12>86.5</birthwt12><prenatal10>62.6</prenatal10><prenatal11>55.1</prenatal11><prenatal12>60.4</prenatal12><leadtest10>123.0</leadtest10><leadtest11>207.0</leadtest11><leadtest12>132.0</leadtest12><ebl10>0.0</ebl10><ebl11>0.0</ebl11><ebl12>5.3</ebl12><tanf11>12.0</tanf11><tanf12>13.4</tanf12><liquor11>0.5</liquor11><liquor12>0.1</liquor12><fastfd11>0.1</fastfd11><hfai12>6.4</hfai12><lifeexp11>73.2</lifeexp11><lifeexp12>73.5</lifeexp12><mort1_11>12.3</mort1_11><mort1_12>12.7</mort1_12><mort14_11>1.4</mort14_11><mort_14_12>0.0</mort_14_12><mort24_11>4.8</mort24_11><mort24_12>6.4</mort24_12><mort44_11>39.7</mort44_11><mort44_12>35.0</mort44_12><mort64_11>120.2</mort64_11><mort64_12>120.2</mort64_12><mort84_11>359.6</mort84_11><mort84_12>351.3</mort84_12><mort85_11>1264.7</mort85_11><mort85_12>1338.2</mort85_12></row><row _id="row-iqj6_344w_r5bb" _uuid="00000000-0000-0000-84EC-CA1660A1D460" _position="0" _address="https://data.baltimorecity.gov/resource/bse9-tznm/row-iqj6_344w_r5bb"><csa2010>Fells Point</csa2010><teenbir10>88.9</teenbir10><teenbir11>44.4</teenbir11><teenbir12>100.0</teenbir12><termbir10>94.2</termbir10><termbir11>96.2</termbir11><termbir12>93.7</termbir12><birthwt10>94.2</birthwt10><birthwt11>94.0</birthwt11><birthwt12>97.2</birthwt12><prenatal10>59.1</prenatal10><prenatal11>69.2</prenatal11><prenatal12>76.2</prenatal12><leadtest10>137.0</leadtest10><leadtest11>215.0</leadtest11><leadtest12>114.0</leadtest12><ebl10>0.0</ebl10><ebl11>0.0</ebl11><ebl12>0.0</ebl12><tanf11>1.6</tanf11><tanf12>1.2</tanf12><liquor11>4.1</liquor11><liquor12>4.1</liquor12><fastfd11>1.9</fastfd11><hfai12>10.2</hfai12><lifeexp11>76.8</lifeexp11><lifeexp12>76.8</lifeexp12><mort1_11>0.0</mort1_11><mort1_12>4.2</mort1_12><mort14_11>0.0</mort14_11><mort_14_12>0.0</mort_14_12><mort24_11>7.1</mort24_11><mort24_12>5.3</mort24_12><mort44_11>7.7</mort44_11><mort44_12>8.6</mort44_12><mort64_11>77.1</mort64_11><mort64_12>82.8</mort64_12><mort84_11>398.7</mort84_11><mort84_12>378.9</mort84_12><mort85_11>1644.4</mort85_11><mort85_12>1488.9</mort85_12></row><row _id="row-jpha~sjej~yqg9" _uuid="00000000-0000-0000-52E7-EE1A7DF2C858" _position="0" _address="https://data.baltimorecity.gov/resource/bse9-tznm/row-jpha~sjej~yqg9"><csa2010>Forest Park/Walbrook</csa2010><teenbir10>71.8</teenbir10><teenbir11>58.5</teenbir11><teenbir12>50.5</teenbir12><termbir10>85.9</termbir10><termbir11>85.0</termbir11><termbir12>80.4</termbir12><birthwt10>87.3</birthwt10><birthwt11>83.5</birthwt11><birthwt12>79.0</birthwt12><prenatal10>52.8</prenatal10><prenatal11>42.9</prenatal11><prenatal12>63.6</prenatal12><leadtest10>109.0</leadtest10><leadtest11>169.0</leadtest11><leadtest12>191.0</leadtest12><ebl10>4.6</ebl10><ebl11>3.0</ebl11><ebl12>0.0</ebl12><tanf11>8.8</tanf11><tanf12>11.3</tanf12><liquor11>0.5</liquor11><liquor12>0.5</liquor12><fastfd11>0.3</fastfd11><hfai12>7.8</hfai12><lifeexp11>73.9</lifeexp11><lifeexp12>73.4</lifeexp12><mort1_11>6.1</mort1_11><mort1_12>10.8</mort1_12><mort14_11>4.8</mort14_11><mort_14_12>4.8</mort_14_12><mort24_11>12.2</mort24_11><mort24_12>10.8</mort24_12><mort44_11>27.9</mort44_11><mort44_12>24.4</mort44_12><mort64_11>113.2</mort64_11><mort64_12>114.6</mort64_12><mort84_11>394.0</mort84_11><mort84_12>392.3</mort84_12><mort85_11>1169.8</mort85_11><mort85_12>1301.9</mort85_12></row><row _id="row-qtfh_quvg~iyd3" _uuid="00000000-0000-0000-C20B-50FC7E7B3788" _position="0" _address="https://data.baltimorecity.gov/resource/bse9-tznm/row-qtfh_quvg~iyd3"><csa2010>Glen-Fallstaff</csa2010><teenbir10>49.5</teenbir10><teenbir11>30.5</teenbir11><teenbir12>26.7</teenbir12><termbir10>90.4</termbir10><termbir11>89.4</termbir11><termbir12>88.8</termbir12><birthwt10>94.5</birthwt10><birthwt11>90.4</birthwt11><birthwt12>92.5</birthwt12><prenatal10>56.4</prenatal10><prenatal11>60.6</prenatal11><prenatal12>62.6</prenatal12><leadtest10>164.0</leadtest10><leadtest11>302.0</leadtest11><leadtest12>158.0</leadtest12><ebl10>0.0</ebl10><ebl11>1.7</ebl11><ebl12>0.0</ebl12><tanf11>3.3</tanf11><tanf12>4.7</tanf12><liquor11>0.3</liquor11><liquor12>0.4</liquor12><fastfd11>1.9</fastfd11><hfai12>10.3</hfai12><lifeexp11>95.6</lifeexp11><lifeexp12>78.5</lifeexp12><mort1_11>6.8</mort1_11><mort1_12>7.4</mort1_12><mort14_11>0.0</mort14_11><mort_14_12>2.4</mort_14_12><mort24_11>2.0</mort24_11><mort24_12>5.0</mort24_12><mort44_11>13.9</mort44_11><mort44_12>23.1</mort44_12><mort64_11>43.7</mort64_11><mort64_12>76.3</mort64_12><mort84_11>137.3</mort84_11><mort84_12>278.3</mort84_12><mort85_11>396.6</mort85_11><mort85_12>1185.5</mort85_12></row><row _id="row-ak7j.qpjc.ahv7" _uuid="00000000-0000-0000-F492-A6F5971DB17F" _position="0" _address="https://data.baltimorecity.gov/resource/bse9-tznm/row-ak7j.qpjc.ahv7"><csa2010>Greater Charles Village/Barclay</csa2010><teenbir10>9.7</teenbir10><teenbir11>11.6</teenbir11><teenbir12>10.7</teenbir12><termbir10>86.1</termbir10><termbir11>90.7</termbir11><termbir12>85.5</termbir12><birthwt10>88.3</birthwt10><birthwt11>90.7</birthwt11><birthwt12>89.1</birthwt12><prenatal10>56.2</prenatal10><prenatal11>63.6</prenatal11><prenatal12>70.3</prenatal12><leadtest10>84.0</leadtest10><leadtest11>0.0</leadtest11><leadtest12>107.0</leadtest12><ebl10>0.0</ebl10><ebl11>0.0</ebl11><ebl12>0.0</ebl12><tanf11>8.2</tanf11><tanf12>10.5</tanf12><liquor11>0.9</liquor11><liquor12>1.2</liquor12><fastfd11>2.1</fastfd11><hfai12>15.3</hfai12><lifeexp11>76.2</lifeexp11><lifeexp12>75.1</lifeexp12><mort1_11>14.3</mort1_11><mort1_12>15.2</mort1_12><mort14_11>0.0</mort14_11><mort_14_12>3.9</mort_14_12><mort24_11>2.4</mort24_11><mort24_12>2.4</mort24_12><mort44_11>10.7</mort44_11><mort44_12>11.5</mort44_12><mort64_11>109.5</mort64_11><mort64_12>118.7</mort64_12><mort84_11>385.9</mort84_11><mort84_12>378.1</mort84_12><mort85_11>886.2</mort85_11><mort85_12>1029.9</mort85_12></row><row _id="row-cpbq-jhu6~g6wm" _uuid="00000000-0000-0000-0D19-05576C9DBC4E" _position="0" _address="https://data.baltimorecity.gov/resource/bse9-tznm/row-cpbq-jhu6~g6wm"><csa2010>Greater Govans</csa2010><teenbir10>53.7</teenbir10><teenbir11>68.3</teenbir11><teenbir12>34.1</teenbir12><termbir10>87.2</termbir10><termbir11>87.1</termbir11><termbir12>87.7</termbir12><birthwt10>87.9</birthwt10><birthwt11>87.1</birthwt11><birthwt12>87.7</birthwt12><prenatal10>61.0</prenatal10><prenatal11>57.1</prenatal11><prenatal12>59.4</prenatal12><leadtest10>54.0</leadtest10><leadtest11>123.0</leadtest11><leadtest12>64.0</leadtest12><ebl10>0.0</ebl10><ebl11>0.0</ebl11><ebl12>0.0</ebl12><tanf11>8.4</tanf11><tanf12>10.2</tanf12><liquor11>0.3</liquor11><liquor12>0.4</liquor12><fastfd11>0.4</fastfd11><hfai12>8.9</hfai12><lifeexp11>74.0</lifeexp11><lifeexp12>74.3</lifeexp12><mort1_11>15.1</mort1_11><mort1_12>12.4</mort1_12><mort14_11>0.0</mort14_11><mort_14_12>0.0</mort_14_12><mort24_11>14.2</mort24_11><mort24_12>14.2</mort24_12><mort44_11>29.9</mort44_11><mort44_12>29.2</mort44_12><mort64_11>102.8</mort64_11><mort64_12>102.8</mort64_12><mort84_11>357.3</mort84_11><mort84_12>360.5</mort84_12><mort85_11>1270.1</mort85_11><mort85_12>1313.9</mort85_12></row><row _id="row-i4xu_e7mj_ei6j" _uuid="00000000-0000-0000-EC54-9D9086393AC7" _position="0" _address="https://data.baltimorecity.gov/resource/bse9-tznm/row-i4xu_e7mj_ei6j"><csa2010>Greater Mondawmin</csa2010><teenbir10>42.9</teenbir10><teenbir11>32.2</teenbir11><teenbir12>41.1</teenbir12><termbir10>78.4</termbir10><termbir11>85.9</termbir11><termbir12>86.1</termbir12><birthwt10>85.6</birthwt10><birthwt11>87.5</birthwt11><birthwt12>87.8</birthwt12><prenatal10>49.6</prenatal10><prenatal11>57.8</prenatal11><prenatal12>65.2</prenatal12><leadtest10>203.0</leadtest10><leadtest11>59.0</leadtest11><leadtest12>34.0</leadtest12><ebl10>0.0</ebl10><ebl11>0.0</ebl11><ebl12>0.0</ebl12><tanf11>11.4</tanf11><tanf12>12.7</tanf12><liquor11>0.6</liquor11><liquor12>0.6</liquor12><fastfd11>1.8</fastfd11><hfai12>14.0</hfai12><lifeexp11>71.1</lifeexp11><lifeexp12>71.7</lifeexp12><mort1_11>15.9</mort1_11><mort1_12>17.7</mort1_12><mort14_11>6.9</mort14_11><mort_14_12>2.7</mort_14_12><mort24_11>21.6</mort24_11><mort24_12>15.1</mort24_12><mort44_11>41.0</mort44_11><mort44_12>38.1</mort44_12><mort64_11>129.9</mort64_11><mort64_12>134.0</mort64_12><mort84_11>425.2</mort84_11><mort84_12>418.3</mort84_12><mort85_11>1074.1</mort85_11><mort85_12>1118.5</mort85_12></row><row _id="row-ht9s-e5py_xrxv" _uuid="00000000-0000-0000-34B7-A30444A80055" _position="0" _address="https://data.baltimorecity.gov/resource/bse9-tznm/row-ht9s-e5py_xrxv"><csa2010>Greater Roland Park/Poplar Hill</csa2010><teenbir10>0.0</teenbir10><teenbir11>0.0</teenbir11><teenbir12>0.0</teenbir12><termbir10>94.3</termbir10><termbir11>91.1</termbir11><termbir12>83.6</termbir12><birthwt10>94.3</birthwt10><birthwt11>89.3</birthwt11><birthwt12>88.5</birthwt12><prenatal10>74.3</prenatal10><prenatal11>73.2</prenatal11><prenatal12>86.9</prenatal12><leadtest10>132.0</leadtest10><leadtest11>57.0</leadtest11><leadtest12>43.0</leadtest12><ebl10>0.0</ebl10><ebl11>0.0</ebl11><ebl12>0.0</ebl12><tanf11>0.3</tanf11><tanf12>0.3</tanf12><liquor11>0.4</liquor11><liquor12>0.3</liquor12><fastfd11>0.7</fastfd11><hfai12>11.8</hfai12><lifeexp11>84.1</lifeexp11><lifeexp12>84.4</lifeexp12><mort1_11>0.0</mort1_11><mort1_12>3.3</mort1_12><mort14_11>1.8</mort14_11><mort_14_12>0.0</mort_14_12><mort24_11>5.7</mort24_11><mort24_12>2.8</mort24_12><mort44_11>3.2</mort44_11><mort44_12>2.1</mort44_12><mort64_11>33.2</mort64_11><mort64_12>33.2</mort64_12><mort84_11>213.1</mort84_11><mort84_12>209.7</mort84_12><mort85_11>1317.1</mort85_11><mort85_12>1280.5</mort85_12></row><row _id="row-naut.rtge-2g55" _uuid="00000000-0000-0000-31F9-49D8AE4319AA" _position="0" _address="https://data.baltimorecity.gov/resource/bse9-tznm/row-naut.rtge-2g55"><csa2010>Greater Rosemont</csa2010><teenbir10>80.8</teenbir10><teenbir11>64.7</teenbir11><teenbir12>58.5</teenbir12><termbir10>87.1</termbir10><termbir11>88.6</termbir11><termbir12>82.1</termbir12><birthwt10>87.8</birthwt10><birthwt11>90.5</birthwt11><birthwt12>81.3</birthwt12><prenatal10>52.3</prenatal10><prenatal11>49.6</prenatal11><prenatal12>58.2</prenatal12><leadtest10>479.0</leadtest10><leadtest11>496.0</leadtest11><leadtest12>95.0</leadtest12><ebl10>1.0</ebl10><ebl11>1.6</ebl11><ebl12>5.3</ebl12><tanf11>16.0</tanf11><tanf12>18.4</tanf12><liquor11>0.9</liquor11><liquor12>1.0</liquor12><fastfd11>1.4</fastfd11><hfai12>6.9</hfai12><lifeexp11>69.2</lifeexp11><lifeexp12>70.1</lifeexp12><mort1_11>11.1</mort1_11><mort1_12>13.6</mort1_12><mort14_11>3.1</mort14_11><mort_14_12>3.1</mort_14_12><mort24_11>16.3</mort24_11><mort24_12>12.4</mort24_12><mort44_11>52.6</mort44_11><mort44_12>46.1</mort44_12><mort64_11>145.8</mort64_11><mort64_12>143.2</mort64_12><mort84_11>461.2</mort84_11><mort84_12>436.0</mort84_12><mort85_11>1323.7</mort85_11><mort85_12>1289.9</mort85_12></row><row _id="row-ea3c~2sef-vxmn" _uuid="00000000-0000-0000-9ED9-C20582CEE01F" _position="0" _address="https://data.baltimorecity.gov/resource/bse9-tznm/row-ea3c~2sef-vxmn"><csa2010>Greenmount East</csa2010><teenbir10>99.2</teenbir10><teenbir11>79.9</teenbir11><teenbir12>55.1</teenbir12><termbir10>85.4</termbir10><termbir11>85.3</termbir11><termbir12>84.4</termbir12><birthwt10>82.6</birthwt10><birthwt11>82.4</birthwt11><birthwt12>84.4</birthwt12><prenatal10>48.6</prenatal10><prenatal11>64.0</prenatal11><prenatal12>62.6</prenatal12><leadtest10>183.0</leadtest10><leadtest11>167.0</leadtest11><leadtest12>185.0</leadtest12><ebl10>3.8</ebl10><ebl11>3.6</ebl11><ebl12>3.8</ebl12><tanf11>20.1</tanf11><tanf12>22.9</tanf12><liquor11>2.2</liquor11><liquor12>2.0</liquor12><fastfd11>1.4</fastfd11><hfai12>9.6</hfai12><lifeexp11>67.0</lifeexp11><lifeexp12>67.4</lifeexp12><mort1_11>20.5</mort1_11><mort1_12>18.2</mort1_12><mort14_11>9.2</mort14_11><mort_14_12>6.5</mort_14_12><mort24_11>12.2</mort24_11><mort24_12>9.1</mort24_12><mort44_11>54.1</mort44_11><mort44_12>48.4</mort44_12><mort64_11>167.0</mort64_11><mort64_12>175.2</mort64_12><mort84_11>433.9</mort84_11><mort84_12>445.2</mort84_12><mort85_11>1546.2</mort85_11><mort85_12>1630.3</mort85_12></row><row _id="row-u3gw~bs75_smhe" _uuid="00000000-0000-0000-DDD8-A469D0046AA2" _position="0" _address="https://data.baltimorecity.gov/resource/bse9-tznm/row-u3gw~bs75_smhe"><csa2010>Hamilton</csa2010><teenbir10>25.3</teenbir10><teenbir11>10.5</teenbir11><teenbir12>27.4</teenbir12><termbir10>83.1</termbir10><termbir11>86.2</termbir11><termbir12>88.0</termbir12><birthwt10>86.4</birthwt10><birthwt11>89.9</birthwt11><birthwt12>91.1</birthwt12><prenatal10>68.6</prenatal10><prenatal11>71.7</prenatal11><prenatal12>65.8</prenatal12><leadtest10>64.0</leadtest10><leadtest11>177.0</leadtest11><leadtest12>161.0</leadtest12><ebl10>0.0</ebl10><ebl11>0.0</ebl11><ebl12>0.0</ebl12><tanf11>3.5</tanf11><tanf12>4.4</tanf12><liquor11>1.3</liquor11><liquor12>0.5</liquor12><fastfd11>0.8</fastfd11><hfai12>8.8</hfai12><lifeexp11>75.3</lifeexp11><lifeexp12>75.4</lifeexp12><mort1_11>13.2</mort1_11><mort1_12>15.0</mort1_12><mort14_11>4.4</mort14_11><mort_14_12>4.4</mort_14_12><mort24_11>8.1</mort24_11><mort24_12>8.1</mort24_12><mort44_11>19.4</mort44_11><mort44_12>16.7</mort44_12><mort64_11>71.6</mort64_11><mort64_12>76.4</mort64_12><mort84_11>424.3</mort84_11><mort84_12>413.9</mort84_12><mort85_11>1417.6</mort85_11><mort85_12>1272.0</mort85_12></row><row _id="row-c7y5-bfk8~tm3t" _uuid="00000000-0000-0000-9ABD-880DA1B7B765" _position="0" _address="https://data.baltimorecity.gov/resource/bse9-tznm/row-c7y5-bfk8~tm3t"><csa2010>Harbor East/Little Italy</csa2010><teenbir10>70.4</teenbir10><teenbir11>70.4</teenbir11><teenbir12>49.3</teenbir12><termbir10>84.0</termbir10><termbir11>88.0</termbir11><termbir12>85.6</termbir12><birthwt10>85.1</birthwt10><birthwt11>89.2</birthwt11><birthwt12>87.8</birthwt12><prenatal10>61.7</prenatal10><prenatal11>57.8</prenatal11><prenatal12>64.4</prenatal12><leadtest10>199.0</leadtest10><leadtest11>154.0</leadtest11><leadtest12>39.0</leadtest12><ebl10>0.0</ebl10><ebl11>0.0</ebl11><ebl12>0.0</ebl12><tanf11>14.8</tanf11><tanf12>12.8</tanf12><liquor11>3.1</liquor11><liquor12>3.3</liquor12><fastfd11>3.0</fastfd11><hfai12>11.8</hfai12><lifeexp11>73.5</lifeexp11><lifeexp12>72.5</lifeexp12><mort1_11>15.5</mort1_11><mort1_12>19.5</mort1_12><mort14_11>3.9</mort14_11><mort_14_12>1.9</mort_14_12><mort24_11>20.2</mort24_11><mort24_12>20.2</mort24_12><mort44_11>17.9</mort44_11><mort44_12>19.9</mort44_12><mort64_11>116.9</mort64_11><mort64_12>118.5</mort64_12><mort84_11>365.3</mort84_11><mort84_12>383.9</mort84_12><mort85_11>1117.6</mort85_11><mort85_12>1235.3</mort85_12></row><row _id="row-di2u-y2m3~gg8d" _uuid="00000000-0000-0000-44DD-86B6DB21E2DB" _position="0" _address="https://data.baltimorecity.gov/resource/bse9-tznm/row-di2u-y2m3~gg8d"><csa2010>Harford/Echodale</csa2010><teenbir10>15.8</teenbir10><teenbir11>45.5</teenbir11><teenbir12>29.7</teenbir12><termbir10>85.8</termbir10><termbir11>87.2</termbir11><termbir12>86.2</termbir12><birthwt10>88.1</birthwt10><birthwt11>89.7</birthwt11><birthwt12>89.2</birthwt12><prenatal10>58.0</prenatal10><prenatal11>64.9</prenatal11><prenatal12>66.4</prenatal12><leadtest10>156.0</leadtest10><leadtest11>297.0</leadtest11><leadtest12>348.0</leadtest12><ebl10>0.0</ebl10><ebl11>0.0</ebl11><ebl12>0.0</ebl12><tanf11>4.3</tanf11><tanf12>4.1</tanf12><liquor11>0.4</liquor11><liquor12>0.7</liquor12><fastfd11>0.6</fastfd11><hfai12>9.9</hfai12><lifeexp11>75.9</lifeexp11><lifeexp12>76.2</lifeexp12><mort1_11>6.3</mort1_11><mort1_12>6.4</mort1_12><mort14_11>3.3</mort14_11><mort_14_12>3.3</mort_14_12><mort24_11>10.6</mort24_11><mort24_12>8.8</mort24_12><mort44_11>18.6</mort44_11><mort44_12>17.0</mort44_12><mort64_11>80.5</mort64_11><mort64_12>81.8</mort64_12><mort84_11>357.1</mort84_11><mort84_12>350.4</mort84_12><mort85_11>1589.7</mort85_11><mort85_12>1572.6</mort85_12></row><row _id="row-y7va.fmrt.x2ik" _uuid="00000000-0000-0000-0A54-CF2682BAE227" _position="0" _address="https://data.baltimorecity.gov/resource/bse9-tznm/row-y7va.fmrt.x2ik"><csa2010>Highlandtown</csa2010><teenbir10>77.6</teenbir10><teenbir11>77.6</teenbir11><teenbir12>94.8</teenbir12><termbir10>92.4</termbir10><termbir11>87.9</termbir11><termbir12>93.5</termbir12><birthwt10>91.6</birthwt10><birthwt11>89.2</birthwt11><birthwt12>92.0</birthwt12><prenatal10>62.6</prenatal10><prenatal11>58.6</prenatal11><prenatal12>74.6</prenatal12><leadtest10>113.0</leadtest10><leadtest11>107.0</leadtest11><leadtest12>105.0</leadtest12><ebl10>0.0</ebl10><ebl11>0.0</ebl11><ebl12>0.0</ebl12><tanf11>3.9</tanf11><tanf12>3.2</tanf12><liquor11>5.1</liquor11><liquor12>5.2</liquor12><fastfd11>2.3</fastfd11><hfai12>13.9</hfai12><lifeexp11>74.0</lifeexp11><lifeexp12>74.4</lifeexp12><mort1_11>4.4</mort1_11><mort1_12>7.3</mort1_12><mort14_11>0.0</mort14_11><mort_14_12>0.0</mort_14_12><mort24_11>9.0</mort24_11><mort24_12>9.0</mort24_12><mort44_11>11.1</mort44_11><mort44_12>10.6</mort44_12><mort64_11>118.2</mort64_11><mort64_12>109.5</mort64_12><mort84_11>434.8</mort84_11><mort84_12>398.6</mort84_12><mort85_11>1728.8</mort85_11><mort85_12>1711.9</mort85_12></row><row _id="row-d66k_3ygx_6cm7" _uuid="00000000-0000-0000-2B90-AEF263CC4ECC" _position="0" _address="https://data.baltimorecity.gov/resource/bse9-tznm/row-d66k_3ygx_6cm7"><csa2010>Howard Park/West Arlington</csa2010><teenbir10>61.6</teenbir10><teenbir11>44.8</teenbir11><teenbir12>33.6</teenbir12><termbir10>85.0</termbir10><termbir11>89.5</termbir11><termbir12>82.5</termbir12><birthwt10>86.0</birthwt10><birthwt11>94.2</birthwt11><birthwt12>81.6</birthwt12><prenatal10>48.6</prenatal10><prenatal11>69.8</prenatal11><prenatal12>68.0</prenatal12><leadtest10>0.0</leadtest10><leadtest11>237.0</leadtest11><leadtest12>0.0</leadtest12><ebl10>0.0</ebl10><ebl11>0.0</ebl11><ebl12>0.0</ebl12><tanf11>5.1</tanf11><tanf12>6.0</tanf12><liquor11>0.3</liquor11><liquor12>0.3</liquor12><fastfd11>0.9</fastfd11><hfai12>10.2</hfai12><lifeexp11>74.2</lifeexp11><lifeexp12>75.0</lifeexp12><mort1_11>8.8</mort1_11><mort1_12>7.5</mort1_12><mort14_11>2.4</mort14_11><mort_14_12>2.4</mort_14_12><mort24_11>10.9</mort24_11><mort24_12>9.6</mort24_12><mort44_11>40.0</mort44_11><mort44_12>30.7</mort44_12><mort64_11>108.6</mort64_11><mort64_12>108.6</mort64_12><mort84_11>348.0</mort84_11><mort84_12>348.0</mort84_12><mort85_11>1144.0</mort85_11><mort85_12>1198.4</mort85_12></row><row _id="row-y3y7-g4fe-72pn" _uuid="00000000-0000-0000-0B12-929E733DACF9" _position="0" _address="https://data.baltimorecity.gov/resource/bse9-tznm/row-y3y7-g4fe-72pn"><csa2010>Inner Harbor/Federal Hill</csa2010><teenbir10>30.0</teenbir10><teenbir11>30.0</teenbir11><teenbir12>10.0</teenbir12><termbir10>92.7</termbir10><termbir11>90.8</termbir11><termbir12>89.8</termbir12><birthwt10>92.1</birthwt10><birthwt11>93.5</birthwt11><birthwt12>92.1</birthwt12><prenatal10>74.4</prenatal10><prenatal11>77.7</prenatal11><prenatal12>76.3</prenatal12><leadtest10>232.0</leadtest10><leadtest11>172.0</leadtest11><leadtest12>239.0</leadtest12><ebl10>0.0</ebl10><ebl11>0.0</ebl11><ebl12>0.0</ebl12><tanf11>2.8</tanf11><tanf12>3.6</tanf12><liquor11>3.3</liquor11><liquor12>2.6</liquor12><fastfd11>4.2</fastfd11><hfai12>12.4</hfai12><lifeexp11>77.3</lifeexp11><lifeexp12>77.8</lifeexp12><mort1_11>7.1</mort1_11><mort1_12>6.9</mort1_12><mort14_11>0.0</mort14_11><mort_14_12>0.0</mort_14_12><mort24_11>5.4</mort24_11><mort24_12>5.4</mort24_12><mort44_11>6.9</mort44_11><mort44_12>5.6</mort44_12><mort64_11>83.6</mort64_11><mort64_12>86.9</mort64_12><mort84_11>343.3</mort84_11><mort84_12>336.7</mort84_12><mort85_11>1298.0</mort85_11><mort85_12>1245.0</mort85_12></row><row _id="row-u9h4_xg2c.ftts" _uuid="00000000-0000-0000-1A6C-60BE2AF3AB5C" _position="0" _address="https://data.baltimorecity.gov/resource/bse9-tznm/row-u9h4_xg2c.ftts"><csa2010>Lauraville</csa2010><teenbir10>38.8</teenbir10><teenbir11>34.2</teenbir11><teenbir12>27.4</teenbir12><termbir10>85.8</termbir10><termbir11>84.8</termbir11><termbir12>86.0</termbir12><birthwt10>86.6</birthwt10><birthwt11>87.4</birthwt11><birthwt12>87.3</birthwt12><prenatal10>66.1</prenatal10><prenatal11>59.6</prenatal11><prenatal12>62.7</prenatal12><leadtest10>145.0</leadtest10><leadtest11>33.0</leadtest11><leadtest12>120.0</leadtest12><ebl10>0.0</ebl10><ebl11>0.0</ebl11><ebl12>0.0</ebl12><tanf11>4.2</tanf11><tanf12>5.0</tanf12><liquor11>0.7</liquor11><liquor12>0.6</liquor12><fastfd11>0.6</fastfd11><hfai12>11.5</hfai12><lifeexp11>74.2</lifeexp11><lifeexp12>75.0</lifeexp12><mort1_11>18.0</mort1_11><mort1_12>14.7</mort1_12><mort14_11>1.9</mort14_11><mort_14_12>1.9</mort_14_12><mort24_11>9.8</mort24_11><mort24_12>11.0</mort24_12><mort44_11>20.1</mort44_11><mort44_12>18.3</mort44_12><mort64_11>83.5</mort64_11><mort64_12>78.7</mort64_12><mort84_11>422.9</mort84_11><mort84_12>401.1</mort84_12><mort85_11>1547.7</mort85_11><mort85_12>1527.6</mort85_12></row><row _id="row-eary_s5t5_waf6" _uuid="00000000-0000-0000-7189-EAFAC8A3D2C9" _position="0" _address="https://data.baltimorecity.gov/resource/bse9-tznm/row-eary_s5t5_waf6"><csa2010>Loch Raven</csa2010><teenbir10>57.8</teenbir10><teenbir11>31.7</teenbir11><teenbir12>18.7</teenbir12><termbir10>83.9</termbir10><termbir11>84.3</termbir11><termbir12>88.1</termbir12><birthwt10>88.6</birthwt10><birthwt11>86.0</birthwt11><birthwt12>88.1</birthwt12><prenatal10>54.4</prenatal10><prenatal11>62.8</prenatal11><prenatal12>58.5</prenatal12><leadtest10>0.0</leadtest10><leadtest11>222.0</leadtest11><leadtest12>190.0</leadtest12><ebl10>0.0</ebl10><ebl11>0.0</ebl11><ebl12>0.0</ebl12><tanf11>3.9</tanf11><tanf12>5.3</tanf12><liquor11>0.2</liquor11><liquor12>0.1</liquor12><fastfd11>0.3</fastfd11><hfai12>15.3</hfai12><lifeexp11>75.2</lifeexp11><lifeexp12>75.9</lifeexp12><mort1_11>13.6</mort1_11><mort1_12>13.7</mort1_12><mort14_11>1.5</mort14_11><mort_14_12>0.8</mort_14_12><mort24_11>15.4</mort24_11><mort24_12>12.0</mort24_12><mort44_11>24.2</mort44_11><mort44_12>23.7</mort44_12><mort64_11>86.9</mort64_11><mort64_12>84.1</mort64_12><mort84_11>336.8</mort84_11><mort84_12>342.1</mort84_12><mort85_11>1263.5</mort85_11><mort85_12>1184.1</mort85_12></row><row _id="row-rz3d~yuqh~zzes" _uuid="00000000-0000-0000-2669-2724070FE948" _position="0" _address="https://data.baltimorecity.gov/resource/bse9-tznm/row-rz3d~yuqh~zzes"><csa2010>Madison/East End</csa2010><teenbir10>81.0</teenbir10><teenbir11>86.1</teenbir11><teenbir12>75.9</teenbir12><termbir10>83.6</termbir10><termbir11>85.6</termbir11><termbir12>81.8</termbir12><birthwt10>85.4</birthwt10><birthwt11>83.1</birthwt11><birthwt12>89.4</birthwt12><prenatal10>50.3</prenatal10><prenatal11>53.8</prenatal11><prenatal12>65.3</prenatal12><leadtest10>377.0</leadtest10><leadtest11>353.0</leadtest11><leadtest12>318.0</leadtest12><ebl10>6.1</ebl10><ebl11>5.9</ebl11><ebl12>4.4</ebl12><tanf11>24.7</tanf11><tanf12>26.9</tanf12><liquor11>1.8</liquor11><liquor12>1.5</liquor12><fastfd11>4.6</fastfd11><hfai12>10.1</hfai12><lifeexp11>66.8</lifeexp11><lifeexp12>67.4</lifeexp12><mort1_11>14.0</mort1_11><mort1_12>14.4</mort1_12><mort14_11>1.0</mort14_11><mort_14_12>2.1</mort_14_12><mort24_11>23.1</mort24_11><mort24_12>20.4</mort24_12><mort44_11>53.7</mort44_11><mort44_12>42.4</mort44_12><mort64_11>166.0</mort64_11><mort64_12>176.2</mort64_12><mort84_11>504.2</mort84_11><mort84_12>491.6</mort84_12><mort85_11>1578.9</mort85_11><mort85_12>1368.4</mort85_12></row><row _id="row-9fmn-v4ig_mwgz" _uuid="00000000-0000-0000-A3FA-9C0C7974A9CB" _position="0" _address="https://data.baltimorecity.gov/resource/bse9-tznm/row-9fmn-v4ig_mwgz"><csa2010>Medfield/Hampden/Woodberry/Remington</csa2010><teenbir10>58.8</teenbir10><teenbir11>44.1</teenbir11><teenbir12>44.1</teenbir12><termbir10>90.0</termbir10><termbir11>92.1</termbir11><termbir12>90.9</termbir12><birthwt10>91.0</birthwt10><birthwt11>93.4</birthwt11><birthwt12>91.8</birthwt12><prenatal10>66.5</prenatal10><prenatal11>69.0</prenatal11><prenatal12>67.9</prenatal12><leadtest10>156.0</leadtest10><leadtest11>275.0</leadtest11><leadtest12>283.0</leadtest12><ebl10>0.0</ebl10><ebl11>0.0</ebl11><ebl12>0.0</ebl12><tanf11>2.7</tanf11><tanf12>2.3</tanf12><liquor11>1.2</liquor11><liquor12>1.2</liquor12><fastfd11>1.0</fastfd11><hfai12>10.4</hfai12><lifeexp11>75.5</lifeexp11><lifeexp12>75.9</lifeexp12><mort1_11>6.3</mort1_11><mort1_12>7.1</mort1_12><mort14_11>2.2</mort14_11><mort_14_12>2.2</mort_14_12><mort24_11>9.5</mort24_11><mort24_12>8.4</mort24_12><mort44_11>17.4</mort44_11><mort44_12>14.8</mort44_12><mort64_11>98.7</mort64_11><mort64_12>97.2</mort64_12><mort84_11>414.6</mort84_11><mort84_12>405.0</mort84_12><mort85_11>1041.3</mort85_11><mort85_12>1052.3</mort85_12></row><row _id="row-4jb8.4wcr.arx3" _uuid="00000000-0000-0000-8621-9C967170776F" _position="0" _address="https://data.baltimorecity.gov/resource/bse9-tznm/row-4jb8.4wcr.arx3"><csa2010>Midtown</csa2010><teenbir10>8.0</teenbir10><teenbir11>4.8</teenbir11><teenbir12>4.8</teenbir12><termbir10>89.3</termbir10><termbir11>86.3</termbir11><termbir12>93.4</termbir12><birthwt10>90.2</birthwt10><birthwt11>90.4</birthwt11><birthwt12>91.7</birthwt12><prenatal10>67.9</prenatal10><prenatal11>58.9</prenatal11><prenatal12>66.1</prenatal12><leadtest10>0.0</leadtest10><leadtest11>65.0</leadtest11><leadtest12>116.0</leadtest12><ebl10>0.0</ebl10><ebl11>0.0</ebl11><ebl12>0.0</ebl12><tanf11>5.3</tanf11><tanf12>6.9</tanf12><liquor11>1.9</liquor11><liquor12>1.9</liquor12><fastfd11>2.1</fastfd11><hfai12>13.0</hfai12><lifeexp11>74.8</lifeexp11><lifeexp12>76.0</lifeexp12><mort1_11>11.5</mort1_11><mort1_12>7.6</mort1_12><mort14_11>2.9</mort14_11><mort_14_12>2.9</mort_14_12><mort24_11>4.0</mort24_11><mort24_12>2.9</mort24_12><mort44_11>17.0</mort44_11><mort44_12>14.9</mort44_12><mort64_11>113.2</mort64_11><mort64_12>109.7</mort64_12><mort84_11>362.6</mort84_11><mort84_12>355.4</mort84_12><mort85_11>1058.8</mort85_11><mort85_12>983.2</mort85_12></row><row _id="row-m7zw_iv92.8hww" _uuid="00000000-0000-0000-024F-F2CC73B58CA5" _position="0" _address="https://data.baltimorecity.gov/resource/bse9-tznm/row-m7zw_iv92.8hww"><csa2010>Midway/Coldstream</csa2010><teenbir10>53.7</teenbir10><teenbir11>79.4</teenbir11><teenbir12>65.4</teenbir12><termbir10>85.7</termbir10><termbir11>81.8</termbir11><termbir12>80.9</termbir12><birthwt10>79.4</birthwt10><birthwt11>85.5</birthwt11><birthwt12>84.2</birthwt12><prenatal10>45.2</prenatal10><prenatal11>53.3</prenatal11><prenatal12>51.4</prenatal12><leadtest10>114.0</leadtest10><leadtest11>328.0</leadtest11><leadtest12>114.0</leadtest12><ebl10>6.1</ebl10><ebl11>5.5</ebl11><ebl12>6.1</ebl12><tanf11>15.4</tanf11><tanf12>18.5</tanf12><liquor11>1.5</liquor11><liquor12>1.6</liquor12><fastfd11>2.1</fastfd11><hfai12>8.0</hfai12><lifeexp11>66.1</lifeexp11><lifeexp12>67.9</lifeexp12><mort1_11>10.6</mort1_11><mort1_12>15.4</mort1_12><mort14_11>12.6</mort14_11><mort_14_12>8.4</mort_14_12><mort24_11>36.4</mort24_11><mort24_12>29.9</mort24_12><mort44_11>59.8</mort44_11><mort44_12>41.6</mort44_12><mort64_11>155.1</mort64_11><mort64_12>145.7</mort64_12><mort84_11>448.8</mort84_11><mort84_12>422.9</mort84_12><mort85_11>1657.1</mort85_11><mort85_12>1866.7</mort85_12></row><row _id="row-kjvv.7z3v-gyzn" _uuid="00000000-0000-0000-D727-E3474651B58B" _position="0" _address="https://data.baltimorecity.gov/resource/bse9-tznm/row-kjvv.7z3v-gyzn"><csa2010>Morrell Park/Violetville</csa2010><teenbir10>78.8</teenbir10><teenbir11>14.8</teenbir11><teenbir12>39.4</teenbir12><termbir10>87.5</termbir10><termbir11>86.1</termbir11><termbir12>88.0</termbir12><birthwt10>92.5</birthwt10><birthwt11>92.2</birthwt11><birthwt12>93.2</birthwt12><prenatal10>61.7</prenatal10><prenatal11>65.2</prenatal11><prenatal12>58.1</prenatal12><leadtest10>65.0</leadtest10><leadtest11>119.0</leadtest11><leadtest12>108.0</leadtest12><ebl10>0.0</ebl10><ebl11>0.0</ebl11><ebl12>0.0</ebl12><tanf11>3.3</tanf11><tanf12>4.1</tanf12><liquor11>1.2</liquor11><liquor12>1.2</liquor12><fastfd11>1.1</fastfd11><hfai12>10.4</hfai12><lifeexp11>72.2</lifeexp11><lifeexp12>72.7</lifeexp12><mort1_11>11.3</mort1_11><mort1_12>11.6</mort1_12><mort14_11>2.8</mort14_11><mort_14_12>0.0</mort_14_12><mort24_11>21.4</mort24_11><mort24_12>21.4</mort24_12><mort44_11>25.6</mort44_11><mort44_12>20.2</mort44_12><mort64_11>135.8</mort64_11><mort64_12>130.7</mort64_12><mort84_11>458.3</mort84_11><mort84_12>488.6</mort84_12><mort85_11>907.8</mort85_11><mort85_12>912.6</mort85_12></row><row _id="row-hyri_gk2x~tsbw" _uuid="00000000-0000-0000-2059-DC755E1DE552" _position="0" _address="https://data.baltimorecity.gov/resource/bse9-tznm/row-hyri_gk2x~tsbw"><csa2010>Mount Washington/Coldspring</csa2010><teenbir10>10.9</teenbir10><teenbir11>10.9</teenbir11><teenbir12>0.0</teenbir12><termbir10>89.6</termbir10><termbir11>90.9</termbir11><termbir12>95.3</termbir12><birthwt10>92.5</birthwt10><birthwt11>92.7</birthwt11><birthwt12>96.9</birthwt12><prenatal10>64.2</prenatal10><prenatal11>70.9</prenatal11><prenatal12>70.3</prenatal12><leadtest10>90.0</leadtest10><leadtest11>122.0</leadtest11><leadtest12>112.0</leadtest12><ebl10>0.0</ebl10><ebl11>0.0</ebl11><ebl12>0.0</ebl12><tanf11>0.3</tanf11><tanf12>0.3</tanf12><liquor11>0.2</liquor11><liquor12>0.4</liquor12><fastfd11>0.2</fastfd11><hfai12>24.8</hfai12><lifeexp11>81.1</lifeexp11><lifeexp12>81.7</lifeexp12><mort1_11>3.2</mort1_11><mort1_12>3.1</mort1_12><mort14_11>0.0</mort14_11><mort_14_12>0.0</mort_14_12><mort24_11>0.0</mort24_11><mort24_12>0.0</mort24_12><mort44_11>5.3</mort44_11><mort44_12>6.6</mort44_12><mort64_11>52.8</mort64_11><mort64_12>46.3</mort64_12><mort84_11>283.7</mort84_11><mort84_12>257.9</mort84_12><mort85_11>1562.0</mort85_11><mort85_12>1532.8</mort85_12></row><row _id="row-89ia-ngc9.ewtt" _uuid="00000000-0000-0000-8C55-C7852C2097A6" _position="0" _address="https://data.baltimorecity.gov/resource/bse9-tznm/row-89ia-ngc9.ewtt"><csa2010>North Baltimore/Guilford/Homeland</csa2010><teenbir10>3.1</teenbir10><teenbir11>1.6</teenbir11><teenbir12>0.0</teenbir12><termbir10>91.5</termbir10><termbir11>92.2</termbir11><termbir12>92.6</termbir12><birthwt10>90.7</birthwt10><birthwt11>89.4</birthwt11><birthwt12>94.1</birthwt12><prenatal10>63.6</prenatal10><prenatal11>69.5</prenatal11><prenatal12>75.7</prenatal12><leadtest10>239.0</leadtest10><leadtest11>107.0</leadtest11><leadtest12>46.0</leadtest12><ebl10>0.0</ebl10><ebl11>0.0</ebl11><ebl12>0.0</ebl12><tanf11>0.8</tanf11><tanf12>0.7</tanf12><liquor11>0.1</liquor11><liquor12>0.3</liquor12><fastfd11>1.0</fastfd11><hfai12>7.5</hfai12><lifeexp11>82.2</lifeexp11><lifeexp12>83.2</lifeexp12><mort1_11>4.1</mort1_11><mort1_12>0.0</mort1_12><mort14_11>0.0</mort14_11><mort_14_12>0.0</mort_14_12><mort24_11>1.5</mort24_11><mort24_12>1.5</mort24_12><mort44_11>9.4</mort44_11><mort44_12>7.2</mort44_12><mort64_11>54.7</mort64_11><mort64_12>53.2</mort64_12><mort84_11>219.2</mort84_11><mort84_12>209.9</mort84_12><mort85_11>1272.1</mort85_11><mort85_12>1236.7</mort85_12></row><row _id="row-v6uq.ybbe~t4fj" _uuid="00000000-0000-0000-D496-ED5800C8AEB5" _position="0" _address="https://data.baltimorecity.gov/resource/bse9-tznm/row-v6uq.ybbe~t4fj"><csa2010>Northwood</csa2010><teenbir10>15.6</teenbir10><teenbir11>13.4</teenbir11><teenbir12>18.6</teenbir12><termbir10>85.9</termbir10><termbir11>85.7</termbir11><termbir12>88.1</termbir12><birthwt10>84.0</birthwt10><birthwt11>86.3</birthwt11><birthwt12>91.4</birthwt12><prenatal10>58.3</prenatal10><prenatal11>55.9</prenatal11><prenatal12>57.6</prenatal12><leadtest10>170.0</leadtest10><leadtest11>254.0</leadtest11><leadtest12>327.0</leadtest12><ebl10>0.0</ebl10><ebl11>0.0</ebl11><ebl12>0.0</ebl12><tanf11>5.7</tanf11><tanf12>6.6</tanf12><liquor11>0.1</liquor11><liquor12>0.1</liquor12><fastfd11>0.4</fastfd11><hfai12>8.9</hfai12><lifeexp11>75.9</lifeexp11><lifeexp12>76.2</lifeexp12><mort1_11>12.6</mort1_11><mort1_12>13.1</mort1_12><mort14_11>0.0</mort14_11><mort_14_12>0.0</mort_14_12><mort24_11>5.5</mort24_11><mort24_12>5.1</mort24_12><mort44_11>30.0</mort44_11><mort44_12>25.9</mort44_12><mort64_11>90.9</mort64_11><mort64_12>89.9</mort64_12><mort84_11>283.2</mort84_11><mort84_12>284.3</mort84_12><mort85_11>1297.6</mort85_11><mort85_12>1365.9</mort85_12></row><row _id="row-fcq8.668h~d9dm" _uuid="00000000-0000-0000-6DAD-A32A9DB851AA" _position="0" _address="https://data.baltimorecity.gov/resource/bse9-tznm/row-fcq8.668h~d9dm"><csa2010>Oldtown/Middle East</csa2010><teenbir10>74.2</teenbir10><teenbir11>47.5</teenbir11><teenbir12>38.6</teenbir12><termbir10>87.8</termbir10><termbir11>90.7</termbir11><termbir12>84.6</termbir12><birthwt10>87.2</birthwt10><birthwt11>87.9</birthwt11><birthwt12>79.7</birthwt12><prenatal10>53.8</prenatal10><prenatal11>63.6</prenatal11><prenatal12>67.8</prenatal12><leadtest10>171.0</leadtest10><leadtest11>188.0</leadtest11><leadtest12>274.0</leadtest12><ebl10>0.0</ebl10><ebl11>0.0</ebl11><ebl12>0.0</ebl12><tanf11>19.9</tanf11><tanf12>24.7</tanf12><liquor11>0.7</liquor11><liquor12>0.4</liquor12><fastfd11>3.1</fastfd11><hfai12>8.4</hfai12><lifeexp11>75.0</lifeexp11><lifeexp12>74.0</lifeexp12><mort1_11>10.0</mort1_11><mort1_12>10.0</mort1_12><mort14_11>5.1</mort14_11><mort_14_12>5.1</mort_14_12><mort24_11>4.9</mort24_11><mort24_12>6.1</mort24_12><mort44_11>32.5</mort44_11><mort44_12>28.1</mort44_12><mort64_11>107.1</mort64_11><mort64_12>121.3</mort64_12><mort84_11>296.4</mort84_11><mort84_12>335.5</mort84_12><mort85_11>1155.2</mort85_11><mort85_12>1206.9</mort85_12></row><row _id="row-xjvq_sg2m_t7gy" _uuid="00000000-0000-0000-D47C-A0327C4F5640" _position="0" _address="https://data.baltimorecity.gov/resource/bse9-tznm/row-xjvq_sg2m_t7gy"><csa2010>Orangeville/East Highlandtown</csa2010><teenbir10>106.1</teenbir10><teenbir11>111.1</teenbir11><teenbir12>45.5</teenbir12><termbir10>87.6</termbir10><termbir11>92.9</termbir11><termbir12>88.4</termbir12><birthwt10>91.0</birthwt10><birthwt11>93.4</birthwt11><birthwt12>91.0</birthwt12><prenatal10>40.4</prenatal10><prenatal11>45.1</prenatal11><prenatal12>58.3</prenatal12><leadtest10>0.0</leadtest10><leadtest11>96.0</leadtest11><leadtest12>0.0</leadtest12><ebl10>0.0</ebl10><ebl11>0.0</ebl11><ebl12>0.0</ebl12><tanf11>4.3</tanf11><tanf12>6.6</tanf12><liquor11>3.2</liquor11><liquor12>2.8</liquor12><fastfd11>1.9</fastfd11><hfai12>8.6</hfai12><lifeexp11>72.3</lifeexp11><lifeexp12>72.9</lifeexp12><mort1_11>3.1</mort1_11><mort1_12>4.1</mort1_12><mort14_11>0.0</mort14_11><mort_14_12>0.0</mort_14_12><mort24_11>9.9</mort24_11><mort24_12>8.2</mort24_12><mort44_11>24.2</mort44_11><mort44_12>19.7</mort44_12><mort64_11>145.9</mort64_11><mort64_12>150.8</mort64_12><mort84_11>409.1</mort84_11><mort84_12>383.1</mort84_12><mort85_11>1642.1</mort85_11><mort85_12>1578.9</mort85_12></row><row _id="row-fqbt-tnjd~rfch" _uuid="00000000-0000-0000-0DD2-8E7C5473B7A8" _position="0" _address="https://data.baltimorecity.gov/resource/bse9-tznm/row-fqbt-tnjd~rfch"><csa2010>Patterson Park North &amp; East</csa2010><teenbir10>87.1</teenbir10><teenbir11>82.1</teenbir11><teenbir12>104.5</teenbir12><termbir10>89.6</termbir10><termbir11>87.8</termbir11><termbir12>88.9</termbir12><birthwt10>91.9</birthwt10><birthwt11>88.8</birthwt11><birthwt12>88.9</birthwt12><prenatal10>50.8</prenatal10><prenatal11>56.6</prenatal11><prenatal12>70.6</prenatal12><leadtest10>410.0</leadtest10><leadtest11>217.0</leadtest11><leadtest12>171.0</leadtest12><ebl10>3.4</ebl10><ebl11>2.3</ebl11><ebl12>0.0</ebl12><tanf11>9.5</tanf11><tanf12>11.3</tanf12><liquor11>1.4</liquor11><liquor12>1.4</liquor12><fastfd11>0.8</fastfd11><hfai12>12.7</hfai12><lifeexp11>71.4</lifeexp11><lifeexp12>71.7</lifeexp12><mort1_11>7.9</mort1_11><mort1_12>7.7</mort1_12><mort14_11>4.0</mort14_11><mort_14_12>2.4</mort_14_12><mort24_11>19.6</mort24_11><mort24_12>16.8</mort24_12><mort44_11>22.0</mort44_11><mort44_12>19.7</mort44_12><mort64_11>126.5</mort64_11><mort64_12>137.6</mort64_12><mort84_11>444.7</mort84_11><mort84_12>421.9</mort84_12><mort85_11>1655.7</mort85_11><mort85_12>1590.2</mort85_12></row><row _id="row-wvn4~67bz~fwmz" _uuid="00000000-0000-0000-885E-D8DEF1CDD017" _position="0" _address="https://data.baltimorecity.gov/resource/bse9-tznm/row-wvn4~67bz~fwmz"><csa2010>Penn North/Reservoir Hill</csa2010><teenbir10>47.1</teenbir10><teenbir11>61.8</teenbir11><teenbir12>79.4</teenbir12><termbir10>79.3</termbir10><termbir11>82.9</termbir11><termbir12>86.0</termbir12><birthwt10>84.3</birthwt10><birthwt11>87.1</birthwt11><birthwt12>84.9</birthwt12><prenatal10>54.3</prenatal10><prenatal11>62.1</prenatal11><prenatal12>61.6</prenatal12><leadtest10>88.0</leadtest10><leadtest11>70.0</leadtest11><leadtest12>0.0</leadtest12><ebl10>0.0</ebl10><ebl11>0.0</ebl11><ebl12>0.0</ebl12><tanf11>18.8</tanf11><tanf12>23.1</tanf12><liquor11>1.0</liquor11><liquor12>0.7</liquor12><fastfd11>0.3</fastfd11><hfai12>7.0</hfai12><lifeexp11>69.2</lifeexp11><lifeexp12>69.9</lifeexp12><mort1_11>12.8</mort1_11><mort1_12>12.6</mort1_12><mort14_11>0.0</mort14_11><mort_14_12>0.0</mort_14_12><mort24_11>25.0</mort24_11><mort24_12>23.5</mort24_12><mort44_11>50.0</mort44_11><mort44_12>50.0</mort44_12><mort64_11>137.7</mort64_11><mort64_12>130.7</mort64_12><mort84_11>477.5</mort84_11><mort84_12>444.2</mort84_12><mort85_11>1280.7</mort85_11><mort85_12>1368.4</mort85_12></row><row _id="row-dci4.3xj6_74tn" _uuid="00000000-0000-0000-5D83-D06C17BB9F2B" _position="0" _address="https://data.baltimorecity.gov/resource/bse9-tznm/row-dci4.3xj6_74tn"><csa2010>Pimlico/Arlington/Hilltop</csa2010><teenbir10>63.7</teenbir10><teenbir11>46.6</teenbir11><teenbir12>53.9</teenbir12><termbir10>83.4</termbir10><termbir11>83.1</termbir11><termbir12>84.8</termbir12><birthwt10>84.7</birthwt10><birthwt11>84.4</birthwt11><birthwt12>81.2</birthwt12><prenatal10>51.0</prenatal10><prenatal11>57.8</prenatal11><prenatal12>52.9</prenatal12><leadtest10>0.0</leadtest10><leadtest11>161.0</leadtest11><leadtest12>236.0</leadtest12><ebl10>0.0</ebl10><ebl11>3.1</ebl11><ebl12>0.0</ebl12><tanf11>11.8</tanf11><tanf12>12.7</tanf12><liquor11>1.1</liquor11><liquor12>1.0</liquor12><fastfd11>1.6</fastfd11><hfai12>9.8</hfai12><lifeexp11>68.6</lifeexp11><lifeexp12>69.1</lifeexp12><mort1_11>18.9</mort1_11><mort1_12>21.0</mort1_12><mort14_11>1.9</mort14_11><mort_14_12>1.0</mort_14_12><mort24_11>23.2</mort24_11><mort24_12>19.6</mort24_12><mort44_11>44.4</mort44_11><mort44_12>41.3</mort44_12><mort64_11>155.3</mort64_11><mort64_12>157.7</mort64_12><mort84_11>423.3</mort84_11><mort84_12>413.4</mort84_12><mort85_11>1446.4</mort85_11><mort85_12>1482.1</mort85_12></row><row _id="row-jqui-txj6.h267" _uuid="00000000-0000-0000-44E8-0C7C1D100874" _position="0" _address="https://data.baltimorecity.gov/resource/bse9-tznm/row-jqui-txj6.h267"><csa2010>Poppleton/The Terraces/Hollins Market</csa2010><teenbir10>65.5</teenbir10><teenbir11>89.3</teenbir11><teenbir12>53.6</teenbir12><termbir10>89.0</termbir10><termbir11>92.3</termbir11><termbir12>82.4</termbir12><birthwt10>84.9</birthwt10><birthwt11>91.0</birthwt11><birthwt12>83.8</birthwt12><prenatal10>53.4</prenatal10><prenatal11>48.7</prenatal11><prenatal12>67.6</prenatal12><leadtest10>88.0</leadtest10><leadtest11>117.0</leadtest11><leadtest12>131.0</leadtest12><ebl10>0.0</ebl10><ebl11>0.0</ebl11><ebl12>0.0</ebl12><tanf11>17.6</tanf11><tanf12>26.1</tanf12><liquor11>2.0</liquor11><liquor12>1.8</liquor12><fastfd11>3.9</fastfd11><hfai12>8.5</hfai12><lifeexp11>64.7</lifeexp11><lifeexp12>67.1</lifeexp12><mort1_11>14.1</mort1_11><mort1_12>10.1</mort1_12><mort14_11>4.0</mort14_11><mort_14_12>2.0</mort_14_12><mort24_11>23.9</mort24_11><mort24_12>21.2</mort24_12><mort44_11>49.3</mort44_11><mort44_12>37.0</mort44_12><mort64_11>217.2</mort64_11><mort64_12>197.4</mort64_12><mort84_11>574.0</mort84_11><mort84_12>514.8</mort84_12><mort85_11>1611.1</mort85_11><mort85_12>1666.7</mort85_12></row><row _id="row-fx4x-eug3~pyan" _uuid="00000000-0000-0000-2A73-A180B3C4BBCB" _position="0" _address="https://data.baltimorecity.gov/resource/bse9-tznm/row-fx4x-eug3~pyan"><csa2010>Sandtown-Winchester/Harlem Park</csa2010><teenbir10>69.8</teenbir10><teenbir11>61.9</teenbir11><teenbir12>73.0</teenbir12><termbir10>80.4</termbir10><termbir11>82.1</termbir11><termbir12>81.3</termbir12><birthwt10>86.8</birthwt10><birthwt11>85.4</birthwt11><birthwt12>82.8</birthwt12><prenatal10>58.3</prenatal10><prenatal11>59.2</prenatal11><prenatal12>62.2</prenatal12><leadtest10>203.0</leadtest10><leadtest11>99.0</leadtest11><leadtest12>95.0</leadtest12><ebl10>6.9</ebl10><ebl11>0.0</ebl11><ebl12>7.4</ebl12><tanf11>22.3</tanf11><tanf12>25.0</tanf12><liquor11>1.5</liquor11><liquor12>1.5</liquor12><fastfd11>1.0</fastfd11><hfai12>9.4</hfai12><lifeexp11>67.5</lifeexp11><lifeexp12>68.8</lifeexp12><mort1_11>16.8</mort1_11><mort1_12>13.2</mort1_12><mort14_11>3.4</mort14_11><mort_14_12>2.8</mort_14_12><mort24_11>23.1</mort24_11><mort24_12>19.0</mort24_12><mort44_11>56.1</mort44_11><mort44_12>44.3</mort44_12><mort64_11>158.5</mort64_11><mort64_12>165.5</mort64_12><mort84_11>483.8</mort84_11><mort84_12>466.5</mort84_12><mort85_11>1243.0</mort85_11><mort85_12>1282.9</mort85_12></row><row _id="row-sdam~uqk6-2s8p" _uuid="00000000-0000-0000-1B14-D36D046E8CF0" _position="0" _address="https://data.baltimorecity.gov/resource/bse9-tznm/row-sdam~uqk6-2s8p"><csa2010>South Baltimore</csa2010><teenbir10>0.0</teenbir10><teenbir11>30.8</teenbir11><teenbir12>15.4</teenbir12><termbir10>97.1</termbir10><termbir11>90.2</termbir11><termbir12>92.6</termbir12><birthwt10>95.1</birthwt10><birthwt11>91.7</birthwt11><birthwt12>94.9</birthwt12><prenatal10>71.8</prenatal10><prenatal11>70.5</prenatal11><prenatal12>80.9</prenatal12><leadtest10>121.0</leadtest10><leadtest11>97.0</leadtest11><leadtest12>72.0</leadtest12><ebl10>0.0</ebl10><ebl11>0.0</ebl11><ebl12>0.0</ebl12><tanf11>1.6</tanf11><tanf12>1.2</tanf12><liquor11>2.2</liquor11><liquor12>3.6</liquor12><fastfd11>0.7</fastfd11><hfai12>18.1</hfai12><lifeexp11>74.9</lifeexp11><lifeexp12>75.0</lifeexp12><mort1_11>5.7</mort1_11><mort1_12>5.2</mort1_12><mort14_11>4.0</mort14_11><mort_14_12>4.0</mort_14_12><mort24_11>2.7</mort24_11><mort24_12>2.7</mort24_12><mort44_11>8.5</mort44_11><mort44_12>10.3</mort44_12><mort64_11>95.7</mort64_11><mort64_12>86.1</mort64_12><mort84_11>470.3</mort84_11><mort84_12>465.9</mort84_12><mort85_11>1761.2</mort85_11><mort85_12>1850.7</mort85_12></row><row _id="row-3a3g~xqqd.zje3" _uuid="00000000-0000-0000-EEAC-AFC145779AD8" _position="0" _address="https://data.baltimorecity.gov/resource/bse9-tznm/row-3a3g~xqqd.zje3"><csa2010>Southeastern</csa2010><teenbir10>68.0</teenbir10><teenbir11>68.0</teenbir11><teenbir12>43.7</teenbir12><termbir10>83.0</termbir10><termbir11>89.1</termbir11><termbir12>88.1</termbir12><birthwt10>83.0</birthwt10><birthwt11>89.1</birthwt11><birthwt12>89.8</birthwt12><prenatal10>50.9</prenatal10><prenatal11>55.4</prenatal11><prenatal12>57.6</prenatal12><leadtest10>202.0</leadtest10><leadtest11>65.0</leadtest11><leadtest12>64.0</leadtest12><ebl10>0.0</ebl10><ebl11>0.0</ebl11><ebl12>0.0</ebl12><tanf11>7.4</tanf11><tanf12>8.8</tanf12><liquor11>2.6</liquor11><liquor12>2.4</liquor12><fastfd11>0.8</fastfd11><hfai12>7.2</hfai12><lifeexp11>73.5</lifeexp11><lifeexp12>74.0</lifeexp12><mort1_11>9.1</mort1_11><mort1_12>9.0</mort1_12><mort14_11>0.0</mort14_11><mort_14_12>1.8</mort_14_12><mort24_11>13.6</mort24_11><mort24_12>6.8</mort24_12><mort44_11>29.1</mort44_11><mort44_12>27.9</mort44_12><mort64_11>122.1</mort64_11><mort64_12>122.1</mort64_12><mort84_11>380.8</mort84_11><mort84_12>389.8</mort84_12><mort85_11>1323.3</mort85_11><mort85_12>1172.9</mort85_12></row><row _id="row-dazn.vmbd.bmes" _uuid="00000000-0000-0000-66CB-527106A6D516" _position="0" _address="https://data.baltimorecity.gov/resource/bse9-tznm/row-dazn.vmbd.bmes"><csa2010>Southern Park Heights</csa2010><teenbir10>78.2</teenbir10><teenbir11>72.6</teenbir11><teenbir12>54.0</teenbir12><termbir10>85.4</termbir10><termbir11>91.6</termbir11><termbir12>84.3</termbir12><birthwt10>87.7</birthwt10><birthwt11>91.1</birthwt11><birthwt12>83.3</birthwt12><prenatal10>52.4</prenatal10><prenatal11>47.5</prenatal11><prenatal12>48.1</prenatal12><leadtest10>0.0</leadtest10><leadtest11>297.0</leadtest11><leadtest12>0.0</leadtest12><ebl10>0.0</ebl10><ebl11>0.0</ebl11><ebl12>0.0</ebl12><tanf11>14.1</tanf11><tanf12>17.5</tanf12><liquor11>0.8</liquor11><liquor12>0.8</liquor12><fastfd11>0.8</fastfd11><hfai12>11.7</hfai12><lifeexp11>68.3</lifeexp11><lifeexp12>69.2</lifeexp12><mort1_11>14.4</mort1_11><mort1_12>14.3</mort1_12><mort14_11>6.1</mort14_11><mort_14_12>4.6</mort_14_12><mort24_11>20.8</mort24_11><mort24_12>17.9</mort24_12><mort44_11>43.9</mort44_11><mort44_12>42.0</mort44_12><mort64_11>145.8</mort64_11><mort64_12>144.1</mort64_12><mort84_11>454.8</mort84_11><mort84_12>429.8</mort84_12><mort85_11>1536.2</mort85_11><mort85_12>1536.2</mort85_12></row><row _id="row-7a5p~57ap~zfs9" _uuid="00000000-0000-0000-46B3-2A37BA8AAA13" _position="0" _address="https://data.baltimorecity.gov/resource/bse9-tznm/row-7a5p~57ap~zfs9"><csa2010>Southwest Baltimore</csa2010><teenbir10>82.4</teenbir10><teenbir11>75.8</teenbir11><teenbir12>66.7</teenbir12><termbir10>85.8</termbir10><termbir11>85.5</termbir11><termbir12>86.4</termbir12><birthwt10>87.0</birthwt10><birthwt11>86.1</birthwt11><birthwt12>88.5</birthwt12><prenatal10>50.0</prenatal10><prenatal11>45.7</prenatal11><prenatal12>51.2</prenatal12><leadtest10>506.0</leadtest10><leadtest11>72.0</leadtest11><leadtest12>296.0</leadtest12><ebl10>5.3</ebl10><ebl11>6.9</ebl11><ebl12>3.7</ebl12><tanf11>19.7</tanf11><tanf12>23.5</tanf12><liquor11>2.5</liquor11><liquor12>2.6</liquor12><fastfd11>2.2</fastfd11><hfai12>10.3</hfai12><lifeexp11>67.3</lifeexp11><lifeexp12>67.8</lifeexp12><mort1_11>14.2</mort1_11><mort1_12>15.0</mort1_12><mort14_11>5.4</mort14_11><mort_14_12>5.4</mort_14_12><mort24_11>22.0</mort24_11><mort24_12>22.0</mort24_12><mort44_11>48.1</mort44_11><mort44_12>44.1</mort44_12><mort64_11>177.6</mort64_11><mort64_12>169.6</mort64_12><mort84_11>481.6</mort84_11><mort84_12>473.9</mort84_12><mort85_11>1333.3</mort85_11><mort85_12>1315.8</mort85_12></row><row _id="row-vyti.t8rj~fi65" _uuid="00000000-0000-0000-E7AC-41E319677EBF" _position="0" _address="https://data.baltimorecity.gov/resource/bse9-tznm/row-vyti.t8rj~fi65"><csa2010>The Waverlies</csa2010><teenbir10>53.6</teenbir10><teenbir11>35.7</teenbir11><teenbir12>62.5</teenbir12><termbir10>82.1</termbir10><termbir11>89.2</termbir11><termbir12>88.6</termbir12><birthwt10>83.8</birthwt10><birthwt11>92.8</birthwt11><birthwt12>87.6</birthwt12><prenatal10>55.6</prenatal10><prenatal11>63.1</prenatal11><prenatal12>68.6</prenatal12><leadtest10>100.0</leadtest10><leadtest11>72.0</leadtest11><leadtest12>166.0</leadtest12><ebl10>0.0</ebl10><ebl11>0.0</ebl11><ebl12>0.0</ebl12><tanf11>11.8</tanf11><tanf12>12.0</tanf12><liquor11>1.2</liquor11><liquor12>0.6</liquor12><fastfd11>0.6</fastfd11><hfai12>15.1</hfai12><lifeexp11>72.2</lifeexp11><lifeexp12>72.0</lifeexp12><mort1_11>13.5</mort1_11><mort1_12>14.0</mort1_12><mort14_11>1.5</mort14_11><mort_14_12>1.5</mort_14_12><mort24_11>23.7</mort24_11><mort24_12>23.7</mort24_12><mort44_11>30.4</mort44_11><mort44_12>30.4</mort44_12><mort64_11>114.1</mort64_11><mort64_12>121.7</mort64_12><mort84_11>378.7</mort84_11><mort84_12>383.2</mort84_12><mort85_11>1346.9</mort85_11><mort85_12>1265.3</mort85_12></row><row _id="row-d8cd.6r44-c6wg" _uuid="00000000-0000-0000-F916-096D429524FD" _position="0" _address="https://data.baltimorecity.gov/resource/bse9-tznm/row-d8cd.6r44-c6wg"><csa2010>Upton/Druid Heights</csa2010><teenbir10>97.4</teenbir10><teenbir11>92.1</teenbir11><teenbir12>76.3</teenbir12><termbir10>88.3</termbir10><termbir11>82.4</termbir11><termbir12>86.6</termbir12><birthwt10>88.3</birthwt10><birthwt11>82.4</birthwt11><birthwt12>88.1</birthwt12><prenatal10>60.8</prenatal10><prenatal11>49.7</prenatal11><prenatal12>57.2</prenatal12><leadtest10>85.0</leadtest10><leadtest11>0.0</leadtest11><leadtest12>68.0</leadtest12><ebl10>0.0</ebl10><ebl11>0.0</ebl11><ebl12>0.0</ebl12><tanf11>23.8</tanf11><tanf12>27.6</tanf12><liquor11>0.9</liquor11><liquor12>1.0</liquor12><fastfd11>1.8</fastfd11><hfai12>9.8</hfai12><lifeexp11>66.1</lifeexp11><lifeexp12>67.3</lifeexp12><mort1_11>14.1</mort1_11><mort1_12>10.3</mort1_12><mort14_11>1.7</mort14_11><mort_14_12>3.3</mort_14_12><mort24_11>27.2</mort24_11><mort24_12>22.5</mort24_12><mort44_11>51.7</mort44_11><mort44_12>49.3</mort44_12><mort64_11>184.5</mort64_11><mort64_12>172.6</mort64_12><mort84_11>515.0</mort84_11><mort84_12>489.3</mort84_12><mort85_11>1607.1</mort85_11><mort85_12>1607.1</mort85_12></row><row _id="row-avev~kcne_xw9x" _uuid="00000000-0000-0000-3190-7E6FF9C7EEE5" _position="0" _address="https://data.baltimorecity.gov/resource/bse9-tznm/row-avev~kcne_xw9x"><csa2010>Washington Village/Pigtown</csa2010><teenbir10>69.8</teenbir10><teenbir11>64.0</teenbir11><teenbir12>46.5</teenbir12><termbir10>84.8</termbir10><termbir11>89.0</termbir11><termbir12>80.7</termbir12><birthwt10>92.9</birthwt10><birthwt11>90.2</birthwt11><birthwt12>88.6</birthwt12><prenatal10>65.7</prenatal10><prenatal11>59.8</prenatal11><prenatal12>67.0</prenatal12><leadtest10>0.0</leadtest10><leadtest11>0.0</leadtest11><leadtest12>50.0</leadtest12><ebl10>0.0</ebl10><ebl11>0.0</ebl11><ebl12>0.0</ebl12><tanf11>9.3</tanf11><tanf12>13.1</tanf12><liquor11>3.5</liquor11><liquor12>3.1</liquor12><fastfd11>2.2</fastfd11><hfai12>9.8</hfai12><lifeexp11>70.3</lifeexp11><lifeexp12>69.8</lifeexp12><mort1_11>13.9</mort1_11><mort1_12>13.3</mort1_12><mort14_11>0.0</mort14_11><mort_14_12>2.3</mort_14_12><mort24_11>14.7</mort24_11><mort24_12>17.1</mort24_12><mort44_11>30.0</mort44_11><mort44_12>28.1</mort44_12><mort64_11>122.4</mort64_11><mort64_12>124.1</mort64_12><mort84_11>547.3</mort84_11><mort84_12>577.1</mort84_12><mort85_11>1377.8</mort85_11><mort85_12>1333.3</mort85_12></row><row _id="row-rdv6-8ga4-9r6a" _uuid="00000000-0000-0000-839E-9BB0AFBDB545" _position="0" _address="https://data.baltimorecity.gov/resource/bse9-tznm/row-rdv6-8ga4-9r6a"><csa2010>Westport/Mount Winans/Lakeland</csa2010><teenbir10>64.9</teenbir10><teenbir11>99.2</teenbir11><teenbir12>30.5</teenbir12><termbir10>86.8</termbir10><termbir11>82.5</termbir11><termbir12>85.7</termbir12><birthwt10>92.6</birthwt10><birthwt11>83.2</birthwt11><birthwt12>86.6</birthwt12><prenatal10>47.1</prenatal10><prenatal11>51.8</prenatal11><prenatal12>57.1</prenatal12><leadtest10>208.0</leadtest10><leadtest11>232.0</leadtest11><leadtest12>232.0</leadtest12><ebl10>0.0</ebl10><ebl11>0.0</ebl11><ebl12>0.0</ebl12><tanf11>10.8</tanf11><tanf12>12.9</tanf12><liquor11>0.8</liquor11><liquor12>0.8</liquor12><fastfd11>2.2</fastfd11><hfai12>14.4</hfai12><lifeexp11>74.5</lifeexp11><lifeexp12>72.8</lifeexp12><mort1_11>17.0</mort1_11><mort1_12>12.7</mort1_12><mort14_11>0.0</mort14_11><mort_14_12>0.0</mort_14_12><mort24_11>19.8</mort24_11><mort24_12>18.0</mort24_12><mort44_11>23.8</mort44_11><mort44_12>27.8</mort44_12><mort64_11>88.1</mort64_11><mort64_12>96.6</mort64_12><mort84_11>351.0</mort84_11><mort84_12>453.4</mort84_12><mort85_11>1254.9</mort85_11><mort85_12>1294.1</mort85_12></row><row _id="row-wbht_yirh-b2d4" _uuid="00000000-0000-0000-C247-55968A1C407D" _position="0" _address="https://data.baltimorecity.gov/resource/bse9-tznm/row-wbht_yirh-b2d4"><csa2010>Baltimore City</csa2010><teenbir10>51.1</teenbir10><teenbir11>46.6</teenbir11><teenbir12>41.5</teenbir12><termbir10>86.5</termbir10><termbir11>87.4</termbir11><termbir12>86.6</termbir12><birthwt10>88.3</birthwt10><birthwt11>88.4</birthwt11><birthwt12>88.2</birthwt12><prenatal10>57.0</prenatal10><prenatal11>59.0</prenatal11><prenatal12>62.7</prenatal12><leadtest10>19702.0</leadtest10><leadtest11>19036.0</leadtest11><leadtest12>18723.0</leadtest12><ebl10>1.6</ebl10><ebl11>1.4</ebl11><ebl12>1.2</ebl12><tanf11>9.4</tanf11><tanf12>11.0</tanf12><liquor11>1.3</liquor11><liquor12>1.2</liquor12><fastfd11>1.4</fastfd11><hfai12>10.3</hfai12><lifeexp11>73.5</lifeexp11><lifeexp12>73.9</lifeexp12><mort1_11>11.7</mort1_11><mort1_12>9.7</mort1_12><mort14_11>11.7</mort14_11><mort_14_12>2.5</mort_14_12><mort24_11>2.8</mort24_11><mort24_12>11.9</mort24_12><mort44_11>27.3</mort44_11><mort44_12>24.0</mort44_12><mort64_11>117.9</mort64_11><mort64_12>114.1</mort64_12><mort84_11>393.7</mort84_11><mort84_12>373.8</mort84_12><mort85_11>1315.0</mort85_11><mort85_12>1231.5</mort85_12></row></row></response>